{
  "name": "Velocity",
  "short_name": "Velocity",
  "description": "A fully featured web browser built using web technologies.",
  "icons": [
    {
      "src": "icons/32.png",
      "sizes": "32x32",
      "type": "image/png"
    },
    {
      "src": "icons/512.png",
      "sizes": "512x512",
      "type": "image/png"
    },
    {
      "src": "icons/touch.png",
      "sizes": "512x512",
      "type": "image/png",
      "purpose": "maskable"
    }
  ],
  "start_url": "/",
  "display": "fullscreen",
  "theme_color": "#1c1b22",
  "background_color": "#1c1b22",
  "display_override": ["window-controls-overlay"]
}
